first_name,last_name,email,username,password
Gorden,Rummings,grummings0@ibm.com,grummings0,p771afF
Honey,Keems,hkeems1@soundcloud.com,hkeems1,XPn7zP
Adrienne,Bastide,abastide2@patch.com,abastide2,xMy04x
Robbie,Ollin,rollin3@japanpost.jp,rollin3,KwGcw3QGMEA
Nessie,Tomsa,ntomsa4@sakura.ne.jp,ntomsa4,rtDZ0h
Zachary,Drynan,zdrynan5@chronoengine.com,zdrynan5,kXIPlJrg
Raynell,Tither,rtither6@home.pl,rtither6,LFZaHVVKyg73
Jacquelynn,Allawy,jallawy7@prnewswire.com,jallawy7,7TrKceH1vX63
Jemie,Lalevee,jlalevee8@nationalgeographic.com,jlalevee8,A7CTfoJvbO
Ursulina,Denver,udenver9@furl.net,udenver9,Z2AoZpML
Palm,Renzo,prenzoa@businessweek.com,prenzoa,alds9uBdTn0D
Shawnee,Headford,sheadfordb@auda.org.au,sheadfordb,7vumt5
Tye,von Hagt,tvonhagtc@usda.gov,tvonhagtc,tXsHDHZKd
Brietta,Kenwright,bkenwrightd@creativecommons.org,bkenwrightd,u0ZAx09V
Rici,Zealander,rzealandere@mit.edu,rzealandere,JTE3l5baI
Avie,Bellamy,abellamyf@bloglines.com,abellamyf,LBGIb1ktjr
Brander,Imlaw,bimlawg@usatoday.com,bimlawg,x0VTJyy0ct
Eleni,Bateson,ebatesonh@live.com,ebatesonh,iLPt6iWB
Benyamin,Heam,bheami@mac.com,bheami,8knQAg2
Tab,Maffulli,tmaffullij@soundcloud.com,tmaffullij,lyV5LXaK
Igor,Evenett,ievenettk@smugmug.com,ievenettk,gzD7DuZxYsk3
Rayshell,Faltin,rfaltinl@reddit.com,rfaltinl,VAysDMGrI
Ninnette,Claughton,nclaughtonm@apple.com,nclaughtonm,BhVWB6JMd
Arlin,Matkin,amatkinn@cbslocal.com,amatkinn,Fw0LJx
Clair,Courtier,ccourtiero@ted.com,ccourtiero,5x6RnMZ
Paolo,Greenroa,pgreenroap@freewebs.com,pgreenroap,m68fHGi4Cw
Wynn,Danskine,wdanskineq@ocn.ne.jp,wdanskineq,kVUTWzJNiRh
Stafford,Whimpenny,swhimpennyr@webs.com,swhimpennyr,1rMzRLV4
Hermy,Crow,hcrows@apache.org,hcrows,HpozMuwq
Eben,Todarello,etodarellot@umn.edu,etodarellot,1aXR4VXSUMW
Benedicto,Clayill,bclayillu@army.mil,bclayillu,QD6u03NpKpP
Johnna,Lanon,jlanonv@house.gov,jlanonv,KdbRGldn
Boot,Havelin,bhavelinw@jigsy.com,bhavelinw,hr6KeiM1ft
Mayer,Robertazzi,mrobertazzix@biglobe.ne.jp,mrobertazzix,eNgvZYk7W
Aloin,Mackilpatrick,amackilpatricky@squarespace.com,amackilpatricky,Ru9iUmXClRs
Leeland,Holdworth,lholdworthz@hostgator.com,lholdworthz,9rYH6SfP
Stacie,Sarchwell,ssarchwell10@devhub.com,ssarchwell10,P5UjxKzL1
Smith,Garrish,sgarrish11@timesonline.co.uk,sgarrish11,gaPqeA
Dalt,Berisford,dberisford12@yellowbook.com,dberisford12,OB0USLmCv
Corey,Rockcliff,crockcliff13@economist.com,crockcliff13,1uSt8yJJ
Sidonnie,Aliman,saliman14@t-online.de,saliman14,dyct9BrD4
Honey,Cud,hcud15@google.com,hcud15,dJLBoKqvt
Blondie,Bentame,bbentame16@pcworld.com,bbentame16,54HodDPxI91l
Tiebold,Godrich,tgodrich17@wordpress.org,tgodrich17,ufwXy6iuhQK
Fleur,McAvin,fmcavin18@ustream.tv,fmcavin18,x6WNdfBtQ
Quincy,Seamons,qseamons19@tripadvisor.com,qseamons19,5qUtwmHt5
Elizabeth,Jordine,ejordine1a@samsung.com,ejordine1a,dKfZb2KnCrz
Tiffie,Spratley,tspratley1b@sun.com,tspratley1b,WHpzLQAOTd
Helga,Pedroli,hpedroli1c@earthlink.net,hpedroli1c,BnvwuJpK
Randee,McCard,rmccard1d@newsvine.com,rmccard1d,iDw0cD6
Biddie,Mertgen,bmertgen1e@sphinn.com,bmertgen1e,Ma4jLJ8Tev
Conant,Stirman,cstirman1f@techcrunch.com,cstirman1f,MQ1TahJ
Zorana,Bernath,zbernath1g@narod.ru,zbernath1g,jBJ3Zu9ybe
Agatha,Ballinger,aballinger1h@xinhuanet.com,aballinger1h,RLQ55SEBy
Ann-marie,Thompsett,athompsett1i@fc2.com,athompsett1i,0IxC2a1dBAkG
Karia,Kinnin,kkinnin1j@goo.ne.jp,kkinnin1j,6m1o5tKzLc
Ave,Eitter,aeitter1k@friendfeed.com,aeitter1k,HFixh7USYrd
Malvin,Bleasby,mbleasby1l@cbslocal.com,mbleasby1l,Ee7e2F4
Gerard,Gillanders,ggillanders1m@friendfeed.com,ggillanders1m,GYjGABDVr
Ramon,Frammingham,rframmingham1n@yahoo.com,rframmingham1n,V3cWZgEK1bd
Mandi,Vearnals,mvearnals1o@state.gov,mvearnals1o,SZ21FSDrOwjz
Claude,Bensley,cbensley1p@biglobe.ne.jp,cbensley1p,8bvxTz
Alyson,Burchfield,aburchfield1q@tuttocitta.it,aburchfield1q,HG1MDfy7
Matthias,McGrorty,mmcgrorty1r@macromedia.com,mmcgrorty1r,eGPQD75T
Dacey,Ramalho,dramalho1s@dmoz.org,dramalho1s,fsCLXZaUtfkq
Malissia,Yves,myves1t@discuz.net,myves1t,AfqXt0Uq4rG
Sigrid,Van der Daal,svanderdaal1u@hatena.ne.jp,svanderdaal1u,VKCj5W7B
Gerladina,Maccrie,gmaccrie1v@livejournal.com,gmaccrie1v,J6OJ02dWdcE
Florida,Dreghorn,fdreghorn1w@uiuc.edu,fdreghorn1w,OEwo6Rt
Lizabeth,Conrard,lconrard1x@google.it,lconrard1x,VxQcsg8
Hans,Matushevich,hmatushevich1y@businessinsider.com,hmatushevich1y,Xl0rG8RXIStI
Christabel,Gaenor,cgaenor1z@networkadvertising.org,cgaenor1z,gRPYKGUT
Rudy,McMurty,rmcmurty20@sohu.com,rmcmurty20,Mw9sBioXUd45
Niven,Lovekin,nlovekin21@icq.com,nlovekin21,2woXMEXqQ8F
Reena,Haug,rhaug22@wordpress.org,rhaug22,XbKHAFsHu
Piotr,Bartolini,pbartolini23@purevolume.com,pbartolini23,4yODflCWG
Jody,Romanet,jromanet24@canalblog.com,jromanet24,gzLVRTVFFMH
Wolfgang,O'Hallihane,wohallihane25@google.nl,wohallihane25,n6nN5Iw4u0
Reeva,Bergstram,rbergstram26@webs.com,rbergstram26,ZcE3FHcSya8a
Cloris,Valde,cvalde27@so-net.ne.jp,cvalde27,Pqf4Ydb6jk4g
Ferdinanda,McFeate,fmcfeate28@hc360.com,fmcfeate28,Bqq9pLnQb
Toby,Renbold,trenbold29@nbcnews.com,trenbold29,05YIz628m
Harli,Edlestone,hedlestone2a@blogspot.com,hedlestone2a,5bIkyh
Christophe,Nickless,cnickless2b@time.com,cnickless2b,dgafgM7NDwu
Flory,Skough,fskough2c@google.cn,fskough2c,Tr1NOXJx
Vivi,Vairow,vvairow2d@digg.com,vvairow2d,7FWpYQqY1ew
Carling,Windeatt,cwindeatt2e@uol.com.br,cwindeatt2e,STDdczr7g
Kanya,Kynastone,kkynastone2f@moonfruit.com,kkynastone2f,DCnnsywTb
Sue,De L'Isle,sdelisle2g@abc.net.au,sdelisle2g,PNmye5h2zLi
Leta,Gaunter,lgaunter2h@barnesandnoble.com,lgaunter2h,PyVMDi0BWvS
Kiley,Durling,kdurling2i@mozilla.com,kdurling2i,4pLzqUQxBbN
Forrest,Ponten,fponten2j@ezinearticles.com,fponten2j,UmLt3sU8fl
Adair,Hebburn,ahebburn2k@google.nl,ahebburn2k,g4JLdDym19bT
Udell,Kohen,ukohen2l@wiley.com,ukohen2l,BjxzPQ
Lanie,Aldin,laldin2m@cafepress.com,laldin2m,zJmzLt
Barnabas,Shelsher,bshelsher2n@thetimes.co.uk,bshelsher2n,15NPrhTHcVS
Jereme,Joskowicz,jjoskowicz2o@usgs.gov,jjoskowicz2o,ehaJpe
Matteo,Blundon,mblundon2p@biglobe.ne.jp,mblundon2p,U1ZImRukWo
Elliott,Patemore,epatemore2q@dion.ne.jp,epatemore2q,tIhc2H1FTLdN
Jarrod,Meers,jmeers2r@usgs.gov,jmeers2r,mi3nwXj5
Shawn,Krook,skrook2s@gravatar.com,skrook2s,66kGXv
Nadine,Martignon,nmartignon2t@posterous.com,nmartignon2t,oRqIfFXy
Locke,Stranio,lstranio2u@illinois.edu,lstranio2u,8ON9HRXHPdoO
Granville,Rudsdale,grudsdale2v@huffingtonpost.com,grudsdale2v,W7shSTySp
Arnoldo,Palphreyman,apalphreyman2w@bbc.co.uk,apalphreyman2w,Eb1yGDUkM
Isador,D'Ambrosio,idambrosio2x@telegraph.co.uk,idambrosio2x,v39bpGyn51
Pierrette,Reedie,preedie2y@scribd.com,preedie2y,DkQGSyW9ves
Debee,Konrad,dkonrad2z@ibm.com,dkonrad2z,YxipcsxqQ0nY
Dot,Crauford,dcrauford30@multiply.com,dcrauford30,SYdNd6UP
Wenonah,Bowring,wbowring31@infoseek.co.jp,wbowring31,HuxaW3rAB8M
Corette,Domerc,cdomerc32@google.ca,cdomerc32,xSPwP8YL
Therine,Chaimson,tchaimson33@infoseek.co.jp,tchaimson33,s3ZmZXoxhSWt
Barr,Gartin,bgartin34@huffingtonpost.com,bgartin34,wmZWoJ9vv3d
Haydon,Hedan,hhedan35@cnet.com,hhedan35,tlL8j2cOOO66
Ranee,Mustin,rmustin36@europa.eu,rmustin36,Ep4cG2a4arei
Karole,Lambeth,klambeth37@alibaba.com,klambeth37,1lXABVH
Rodge,Wadeling,rwadeling38@hugedomains.com,rwadeling38,AgVAr3yCxlo
Dennison,Braley,dbraley39@discuz.net,dbraley39,23xbXegtdR5v
Katya,Kyrkeman,kkyrkeman3a@ox.ac.uk,kkyrkeman3a,TxtesZqv
Fran,Hammond,fhammond3b@wsj.com,fhammond3b,RGuDlDrXM
Joycelin,Crutchley,jcrutchley3c@slashdot.org,jcrutchley3c,hdPDf5
Kennan,Connett,kconnett3d@mysql.com,kconnett3d,iUYVQD
Benni,Gibbie,bgibbie3e@businesswire.com,bgibbie3e,AMhnQrHx
Fania,Etchell,fetchell3f@wp.com,fetchell3f,P7Oo1cT47m
Izak,Rowes,irowes3g@123-reg.co.uk,irowes3g,J32Uvt4nNC
Leesa,Murrow,lmurrow3h@ameblo.jp,lmurrow3h,TcSZXK5prbNk
Deidre,Wrack,dwrack3i@dedecms.com,dwrack3i,MUwXWipfsMA
Gunilla,Dionisii,gdionisii3j@telegraph.co.uk,gdionisii3j,CJnHLJoB
Abie,Sawyer,asawyer3k@marketwatch.com,asawyer3k,uNfpVYczyL5
Aubrette,Riddington,ariddington3l@epa.gov,ariddington3l,rS0sjMvG
Jed,Conyer,jconyer3m@cbslocal.com,jconyer3m,jg3CNkVllLK
Frederique,Courcey,fcourcey3n@nature.com,fcourcey3n,Ktcy8B
Jillie,Wooton,jwooton3o@dropbox.com,jwooton3o,JDaAXum
Patrick,Clamo,pclamo3p@vk.com,pclamo3p,tDo7wOJhX
Vachel,Torricella,vtorricella3q@washingtonpost.com,vtorricella3q,b5iqvbxLpa
Gilberto,Alden,galden3r@lulu.com,galden3r,xnTNGdkpqNN
Zak,Bonde,zbonde3s@google.co.uk,zbonde3s,ERYVnkn
Lenette,Howard - Gater,lhowardgater3t@ning.com,lhowardgater3t,na7FGh
Joshua,Powton,jpowton3u@bloomberg.com,jpowton3u,6HxIcqV88KTY
Shara,Casley,scasley3v@woothemes.com,scasley3v,nXltPytA
Wade,Kynaston,wkynaston3w@addthis.com,wkynaston3w,erUxR1l
Clive,Swanne,cswanne3x@boston.com,cswanne3x,3wqJiUk1
Byran,Kohlert,bkohlert3y@pbs.org,bkohlert3y,IDfsMM9IPiBo
Corney,Samter,csamter3z@twitter.com,csamter3z,YFVzGpOxA
Suki,Umney,sumney40@123-reg.co.uk,sumney40,jFYhBGxQ
Putnem,Burd,pburd41@fda.gov,pburd41,JIrjtTsMdW0A
Talyah,Nast,tnast42@xing.com,tnast42,QhJO3ILuV
Yves,Oxteby,yoxteby43@last.fm,yoxteby43,bUrZE2bmh
Camey,Sotham,csotham44@independent.co.uk,csotham44,fYkMsPQgRDU
Harwilll,Ranyelld,hranyelld45@psu.edu,hranyelld45,gLa4BnNe7WH0
Inglebert,Winsom,iwinsom46@webmd.com,iwinsom46,fKmfpWzKi
Mallorie,Gladdin,mgladdin47@aol.com,mgladdin47,13LYPTw
Tailor,Brandli,tbrandli48@shinystat.com,tbrandli48,1pMbfZlAzpLE
Anthe,Larmour,alarmour49@cafepress.com,alarmour49,tUxtlM5yc
Mallissa,Quilty,mquilty4a@google.pl,mquilty4a,q3pk3xOf
Michel,Pearlman,mpearlman4b@lulu.com,mpearlman4b,wkZe9N
Averell,Kybird,akybird4c@oracle.com,akybird4c,3wbjcD4vS9
Owen,Vakhonin,ovakhonin4d@acquirethisname.com,ovakhonin4d,M0DhfV
Patty,Merioth,pmerioth4e@parallels.com,pmerioth4e,v9oj3f
Aubert,Worstall,aworstall4f@washingtonpost.com,aworstall4f,SAKPEd5jXX
Giffie,Dominichetti,gdominichetti4g@upenn.edu,gdominichetti4g,A20qyBPhNcCX
Juli,Powland,jpowland4h@admin.ch,jpowland4h,F7IXwwvE7CB
Lorrin,McLarty,lmclarty4i@hexun.com,lmclarty4i,Sl8dS5kVk
Dalt,Knowlman,dknowlman4j@washington.edu,dknowlman4j,bg4nULEeK
Fredric,Chapellow,fchapellow4k@oaic.gov.au,fchapellow4k,hzVUgzklc
Jodie,Lince,jlince4l@bing.com,jlince4l,yABQmi2ONXFy
Drusi,Denniston,ddenniston4m@abc.net.au,ddenniston4m,WSuShml26RX
Bunny,Ligertwood,bligertwood4n@webmd.com,bligertwood4n,Mvv0mOCUGjIg
Packston,Yendall,pyendall4o@icio.us,pyendall4o,YUu2Jd
Liane,D'Onise,ldonise4p@macromedia.com,ldonise4p,JcUjo4Z4B
Maiga,Strawbridge,mstrawbridge4q@newsvine.com,mstrawbridge4q,9gdqVeSZ
Dari,Soeiro,dsoeiro4r@disqus.com,dsoeiro4r,URlFnXUlV
Laryssa,Sedgwick,lsedgwick4s@narod.ru,lsedgwick4s,MfsKnwQ
Chaddy,Massy,cmassy4t@smugmug.com,cmassy4t,S8WDmk
Eleonore,Sowersby,esowersby4u@webnode.com,esowersby4u,RnFc0iKIY
Fionnula,Fessler,ffessler4v@accuweather.com,ffessler4v,oJrRCrzGMJq
Augusto,Northing,anorthing4w@msu.edu,anorthing4w,z0imJow7g
Sherwin,Nertney,snertney4x@telegraph.co.uk,snertney4x,JpJE6I
Amelina,Pilgrim,apilgrim4y@wikispaces.com,apilgrim4y,cr3Q04O6
Leonerd,Juszkiewicz,ljuszkiewicz4z@wix.com,ljuszkiewicz4z,zaddMn
Gizela,Faussett,gfaussett50@desdev.cn,gfaussett50,ISypU8o
Tammy,Bratley,tbratley51@nyu.edu,tbratley51,SmMu0RA
Reagan,Gaitung,rgaitung52@goodreads.com,rgaitung52,gNuXmmTRuHTW
Charissa,Brisseau,cbrisseau53@gov.uk,cbrisseau53,leNiZok2G2J
Ansel,Eastmead,aeastmead54@clickbank.net,aeastmead54,DREPeN
Cullin,Buttrick,cbuttrick55@nsw.gov.au,cbuttrick55,Mq3znV
Murdock,Ben,mben56@qq.com,mben56,E7CNprG
Kippie,Davis,kdavis57@deviantart.com,kdavis57,t3hct0Y3
Desdemona,Afield,dafield58@statcounter.com,dafield58,ZLdXFFE
Hastie,Willett,hwillett59@list-manage.com,hwillett59,GTN7KzD
Sonny,Newhouse,snewhouse5a@mtv.com,snewhouse5a,UkRKZIueW0I
Witty,McGinnis,wmcginnis5b@cargocollective.com,wmcginnis5b,Oaju6VeTQy
Leoine,Billiard,lbilliard5c@businesswire.com,lbilliard5c,NdAqy9yEmrq
Minette,McCleod,mmccleod5d@dedecms.com,mmccleod5d,asyx7dijs
Maryanne,Standrin,mstandrin5e@sourceforge.net,mstandrin5e,fdHOeVov5m
Amory,Haddow,ahaddow5f@ebay.com,ahaddow5f,ngGoRfyLF0
Aguistin,Goodsell,agoodsell5g@google.it,agoodsell5g,HP9lleoreUo
Pincas,Harrill,pharrill5h@exblog.jp,pharrill5h,jVxkFXt7w
Al,Impey,aimpey5i@mozilla.com,aimpey5i,fxYVOHBz
Carey,Barkworth,cbarkworth5j@sina.com.cn,cbarkworth5j,gIyiie
Emmet,Wickling,ewickling5k@booking.com,ewickling5k,mK5wjj9AlC
Colly,Grogono,cgrogono5l@squarespace.com,cgrogono5l,vjA6HV
Devinne,Fordyce,dfordyce5m@cargocollective.com,dfordyce5m,4ZcEK3
Palm,Klimowicz,pklimowicz5n@latimes.com,pklimowicz5n,Yzez3pk0MQLt
Zackariah,Janaszewski,zjanaszewski5o@51.la,zjanaszewski5o,tJmPpK
Dur,Lattie,dlattie5p@flickr.com,dlattie5p,tEkUX323h6r
Alejandra,Tombling,atombling5q@mashable.com,atombling5q,RcVcTgU4kNK8
Maxie,Kimmons,mkimmons5r@myspace.com,mkimmons5r,uAQqKs
Ebba,Boydell,eboydell5s@scientificamerican.com,eboydell5s,Caqlju
Albie,Penny,apenny5t@geocities.jp,apenny5t,RGzVxbHdCuh
Wally,McRuvie,wmcruvie5u@simplemachines.org,wmcruvie5u,phXXuk
Carol,Coffin,ccoffin5v@fc2.com,ccoffin5v,JYUeRfW
Bryant,Langelay,blangelay5w@rambler.ru,blangelay5w,ZYfPD3rU
Perri,Liddel,pliddel5x@go.com,pliddel5x,7yaTwBb
Joelle,Pimmocke,jpimmocke5y@tinyurl.com,jpimmocke5y,iAfxOz6qsoDw
Arnold,Delicate,adelicate5z@chronoengine.com,adelicate5z,R6mI5ZS2
Penny,Horlock,phorlock60@clickbank.net,phorlock60,GgCgSDkHLN2z
Waylin,Torbet,wtorbet61@foxnews.com,wtorbet61,ZzSKXNsZD
Filide,Adair,fadair62@storify.com,fadair62,EUlMBKOgr
Simonette,Geeson,sgeeson63@reddit.com,sgeeson63,BkdeUxY
Hanson,Baruch,hbaruch64@rediff.com,hbaruch64,mGreOkT
Barthel,Pitchers,bpitchers65@ning.com,bpitchers65,bujLNQhT8
Gardner,Danko,gdanko66@istockphoto.com,gdanko66,C63h0v
Bartholemy,Eblein,beblein67@washington.edu,beblein67,RP7CdiF4a7L
Reese,Haxby,rhaxby68@discuz.net,rhaxby68,RVdE9moGgvH
Mellisa,Pennuzzi,mpennuzzi69@goo.ne.jp,mpennuzzi69,XvmyF7rN
Patsy,Ropkins,propkins6a@admin.ch,propkins6a,oIu6oxdd
Jerri,McKew,jmckew6b@japanpost.jp,jmckew6b,hHFaj58b
Teirtza,Nornasell,tnornasell6c@skyrock.com,tnornasell6c,Ve0S4X
Othilia,Dunthorne,odunthorne6d@home.pl,odunthorne6d,yV9PVXZf6u
Cyndie,Harling,charling6e@ihg.com,charling6e,tPUpE557
Swen,Duprey,sduprey6f@diigo.com,sduprey6f,FlCi9Q
Albert,Tonnesen,atonnesen6g@wikipedia.org,atonnesen6g,ZfFXcm0
Clarice,Larder,clarder6h@reddit.com,clarder6h,1W9zle2zDve
Jeff,Ivashintsov,jivashintsov6i@tmall.com,jivashintsov6i,NiGJy9
Shandie,Tapply,stapply6j@netscape.com,stapply6j,eEYURsnL
Terrel,Kidstoun,tkidstoun6k@blogs.com,tkidstoun6k,StuozFR6Ohh
Sammy,Dalbey,sdalbey6l@51.la,sdalbey6l,YI773yRx
Ardella,Cadreman,acadreman6m@psu.edu,acadreman6m,ysL2bZr4qs
Ariel,Figgs,afiggs6n@adobe.com,afiggs6n,oSKogntZ32
Pren,Colisbe,pcolisbe6o@ucsd.edu,pcolisbe6o,tG6gVG
Sharl,Conkie,sconkie6p@webnode.com,sconkie6p,vj8M3qv0
Ezekiel,Bromont,ebromont6q@examiner.com,ebromont6q,W0hCkxLE0
Rik,Jesse,rjesse6r@scribd.com,rjesse6r,5iabQQ
Laurena,Cowpertwait,lcowpertwait6s@imgur.com,lcowpertwait6s,5Zpx8eZBLPre
Kelsey,Cowdery,kcowdery6t@pcworld.com,kcowdery6t,0lVtqeNjF
Benni,Astle,bastle6u@scientificamerican.com,bastle6u,96MwVfLTtep
Florie,Jzak,fjzak6v@indiegogo.com,fjzak6v,w6GEAyNpr9O1
Britni,Sangra,bsangra6w@vinaora.com,bsangra6w,FPJaONNiCf
Aeriel,Shade,ashade6x@nsw.gov.au,ashade6x,fUy8fEs
Hertha,Binden,hbinden6y@sciencedirect.com,hbinden6y,a6JUuycLe4RA
Holly-anne,Upstone,hupstone6z@smugmug.com,hupstone6z,MOOVn9cQSGWm
Olivie,Loughrey,oloughrey70@amazon.co.jp,oloughrey70,95wEzpl0hc
Verile,Rieflin,vrieflin71@prlog.org,vrieflin71,J51H7n3
Ches,Symcoxe,csymcoxe72@networksolutions.com,csymcoxe72,eUKHgUZlpFN
Shirl,Jickells,sjickells73@vk.com,sjickells73,MLSmRJtr
Carmina,Head,chead74@google.pl,chead74,PHkewyTIPL2U
Nelie,Gasquoine,ngasquoine75@wiley.com,ngasquoine75,erM0IIFdd
Reagen,Mynard,rmynard76@scribd.com,rmynard76,VZWGiop
Nelly,Tongue,ntongue77@cafepress.com,ntongue77,EOJMeUrZJr
Joel,Linge,jlinge78@washington.edu,jlinge78,72HNIV
Elyssa,Quaife,equaife79@comcast.net,equaife79,SudcsFjA
Elberta,Westberg,ewestberg7a@phpbb.com,ewestberg7a,3vEvaa3
Rube,Garman,rgarman7b@cyberchimps.com,rgarman7b,TSlkojryE
Deane,Jandel,djandel7c@ustream.tv,djandel7c,jF0EFPmHAx6g
Jacquelynn,Spincke,jspincke7d@feedburner.com,jspincke7d,TBqJKSi
Evered,O'Reilly,eoreilly7e@pagesperso-orange.fr,eoreilly7e,rd5idGH7J
Aretha,Macbeth,amacbeth7f@people.com.cn,amacbeth7f,qGsGNKC2h
Ardys,Gowler,agowler7g@exblog.jp,agowler7g,I529l012HjP
Bess,Lello,blello7h@smh.com.au,blello7h,BuSMCXO7y
Esteban,Mc Menamin,emcmenamin7i@newsvine.com,emcmenamin7i,aCsVYTfgQ
Kandy,Mellows,kmellows7j@zimbio.com,kmellows7j,8klLeS4c5
Ronny,Winning,rwinning7k@google.es,rwinning7k,czQ5QXu
Tailor,Whatford,twhatford7l@naver.com,twhatford7l,jyvWohl
Nyssa,Freear,nfreear7m@cam.ac.uk,nfreear7m,eUKkn1
Homere,Phillott,hphillott7n@de.vu,hphillott7n,whdbCKrO5KZI
Stanly,Gidley,sgidley7o@ft.com,sgidley7o,a4FPJBqpj
Newton,Deviney,ndeviney7p@reuters.com,ndeviney7p,kZDjHOdO
Beckie,Donohoe,bdonohoe7q@unicef.org,bdonohoe7q,if9Oz5vXmXPq
Michelle,O'Hearn,mohearn7r@opera.com,mohearn7r,4D8Ibe
Camellia,Brimmell,cbrimmell7s@hostgator.com,cbrimmell7s,iGZWVFkp
Freida,Giraudo,fgiraudo7t@omniture.com,fgiraudo7t,va0Otwp
Max,Shorto,mshorto7u@hugedomains.com,mshorto7u,RvaeEh5Lhz
Wren,Stoite,wstoite7v@ucla.edu,wstoite7v,J4DS6Rj2D
Penn,Callery,pcallery7w@reddit.com,pcallery7w,Q07sd3r7AV
Rafaelita,Fargie,rfargie7x@symantec.com,rfargie7x,qjxXgnw
Otes,Bartlomiej,obartlomiej7y@mozilla.com,obartlomiej7y,uF95HQKt
Lenka,Scutter,lscutter7z@yellowpages.com,lscutter7z,K8R7o7S
Deeann,Advani,dadvani80@instagram.com,dadvani80,oo9fUZV4oU
Porty,Benjafield,pbenjafield81@delicious.com,pbenjafield81,PAOxoZpWrl
Kessia,Prantoni,kprantoni82@mozilla.org,kprantoni82,lDYTDJOw
Hildagard,Lamey,hlamey83@unesco.org,hlamey83,tPXPhSV
Abram,Gretton,agretton84@geocities.com,agretton84,kzzZ7Qs5
Nickolas,Harbar,nharbar85@si.edu,nharbar85,ft8138s
Hamel,Mangin,hmangin86@deviantart.com,hmangin86,WcsYwdNJhK
Roderick,Trustie,rtrustie87@ebay.co.uk,rtrustie87,IusdeeO4WL
Avigdor,Scorer,ascorer88@yellowpages.com,ascorer88,IFmNKWlZzfmR
Ardenia,Broggio,abroggio89@homestead.com,abroggio89,eZPiFK
Mikaela,Carsey,mcarsey8a@unblog.fr,mcarsey8a,rfjL4WK88
Isahella,MacAnellye,imacanellye8b@merriam-webster.com,imacanellye8b,yQLgKd55
Paulie,Seally,pseally8c@4shared.com,pseally8c,ajcHcqoDf6j
Ginger,Beddows,gbeddows8d@cpanel.net,gbeddows8d,o1jfXj
Dick,McLarnon,dmclarnon8e@google.es,dmclarnon8e,5BuyDGwnbmo
Mufinella,Cereceres,mcereceres8f@constantcontact.com,mcereceres8f,2K3ZboRsrTK
Adrian,Balden,abalden8g@domainmarket.com,abalden8g,Agj59KLjbX
Lorens,Cudbertson,lcudbertson8h@adobe.com,lcudbertson8h,Me7Z6s
Artemus,Vagges,avagges8i@cmu.edu,avagges8i,cUUxWrFpH
Minta,Lownsbrough,mlownsbrough8j@soundcloud.com,mlownsbrough8j,ZdVV64U14a
Ulrick,Glandon,uglandon8k@ucla.edu,uglandon8k,vXBWHnIY8Ak
Madella,Jamme,mjamme8l@nationalgeographic.com,mjamme8l,iqthEVL9J
Sabrina,Pattrick,spattrick8m@privacy.gov.au,spattrick8m,0IxWvhFa
Tommie,Leggis,tleggis8n@examiner.com,tleggis8n,RiFDTN
Paulita,Tales,ptales8o@mediafire.com,ptales8o,SRnF1DrX
Margaret,Scrimgeour,mscrimgeour8p@zimbio.com,mscrimgeour8p,Y1P3lQtBru3u
Henrie,Postill,hpostill8q@toplist.cz,hpostill8q,e2Bf11uAJUkg
Gale,Daleman,gdaleman8r@nifty.com,gdaleman8r,4TZwDbovqo
Erin,Aurelius,eaurelius8s@fotki.com,eaurelius8s,7gbnT6ief
Beverlie,McGirr,bmcgirr8t@booking.com,bmcgirr8t,PKMWAoD4pg9t
Othella,Thompson,othompson8u@ibm.com,othompson8u,WEIwwLE2Ff
Valencia,Rickis,vrickis8v@wunderground.com,vrickis8v,DSSslIe
Fiona,Gudahy,fgudahy8w@sogou.com,fgudahy8w,MaNi6Wke
Moishe,Ashling,mashling8x@utexas.edu,mashling8x,sDh14z7Z
Payton,Dalton,pdalton8y@dmoz.org,pdalton8y,qhZpy7oh
Carlita,Szymaniak,cszymaniak8z@washington.edu,cszymaniak8z,HzXdbSGGurYU
Jud,Elam,jelam90@addtoany.com,jelam90,6hgIBD
Alasteir,Fritschel,afritschel91@studiopress.com,afritschel91,Ssp71O6A0l5m
Mallorie,Beaument,mbeaument92@printfriendly.com,mbeaument92,jzILDDn
Hermina,Teresa,hteresa93@booking.com,hteresa93,z6hi8fC
Halsy,Gouch,hgouch94@senate.gov,hgouch94,kTMOUcBuOD
Nathalie,Hanvey,nhanvey95@infoseek.co.jp,nhanvey95,ub7Zbkw
Federico,Tolman,ftolman96@clickbank.net,ftolman96,TIJzvxHlBFw9
Rabi,Midson,rmidson97@oaic.gov.au,rmidson97,OsUJImFX88J
Irvine,Guilliatt,iguilliatt98@lycos.com,iguilliatt98,Upq680w
Johny,Kingsbury,jkingsbury99@woothemes.com,jkingsbury99,474JjkelRSU
Gilberto,Speachley,gspeachley9a@time.com,gspeachley9a,pTytVFo6C
Rodrique,Stuehmeyer,rstuehmeyer9b@mapquest.com,rstuehmeyer9b,IH7nkN
Denney,Nijs,dnijs9c@army.mil,dnijs9c,ETxsgMHP
Jennie,Scandred,jscandred9d@businesswire.com,jscandred9d,Hu86heTY
Margo,Corain,mcorain9e@homestead.com,mcorain9e,ih3N8YMejm5
Aeriela,Maddison,amaddison9f@1und1.de,amaddison9f,dTxBBWsa
Jacquie,Edards,jedards9g@sourceforge.net,jedards9g,4CNvWEBic
Quintin,Yanyushkin,qyanyushkin9h@stanford.edu,qyanyushkin9h,o9q6qwVGMzpf
Dalston,Ferreli,dferreli9i@live.com,dferreli9i,jvFim4jMJfn
Zebadiah,Normavill,znormavill9j@google.com.br,znormavill9j,qweUPIgyT
Gary,Belin,gbelin9k@imgur.com,gbelin9k,P3WOJRQ
Eugenie,Roo,eroo9l@europa.eu,eroo9l,0HgG6SP1
Morgen,Michel,mmichel9m@ox.ac.uk,mmichel9m,QFBJtLobw7J
Edward,Bleakman,ebleakman9n@ifeng.com,ebleakman9n,zwXsD8pm
Wilbur,Midghall,wmidghall9o@wired.com,wmidghall9o,L7iB8c
Clemmy,Alessandretti,calessandretti9p@ustream.tv,calessandretti9p,eNMPuR
Corney,Castiblanco,ccastiblanco9q@joomla.org,ccastiblanco9q,apkMuTUWxalu
Hale,Pedrol,hpedrol9r@fda.gov,hpedrol9r,jnpmUH1AcRLe
Gennifer,Minghi,gminghi9s@woothemes.com,gminghi9s,7QNcyZ
Roch,Stebles,rstebles9t@cam.ac.uk,rstebles9t,mEr5Lt0
Gerek,Clipsham,gclipsham9u@networkadvertising.org,gclipsham9u,ZNQHS3FQWkFE
Janessa,Steanyng,jsteanyng9v@deviantart.com,jsteanyng9v,tr5Z6M
Queenie,Berg,qberg9w@ftc.gov,qberg9w,fQZ42vU
Frederic,Hannah,fhannah9x@tripod.com,fhannah9x,qX1HjK7qy
Coralie,Congreve,ccongreve9y@cargocollective.com,ccongreve9y,DwAjVK7ubXY
Francine,Ateggart,fateggart9z@washington.edu,fateggart9z,4kx757gRxr3i
Dolli,Lumby,dlumbya0@comsenz.com,dlumbya0,7rfvq11
Atlanta,Luciani,aluciania1@networksolutions.com,aluciania1,MEMsBh4QEc5V
Ramsay,Feldbau,rfeldbaua2@newyorker.com,rfeldbaua2,gMzp54
Kipper,Hewes,khewesa3@tripadvisor.com,khewesa3,5VizO3vvLj29
Caryn,Attaway,cattawaya4@mysql.com,cattawaya4,1ej2eg
Kalie,Wensley,kwensleya5@ycombinator.com,kwensleya5,pS0zfv9MmBl5
Suzann,D'Alessandro,sdalessandroa6@washingtonpost.com,sdalessandroa6,rVzpc1oegdpg
Bevin,Braferton,bbrafertona7@icio.us,bbrafertona7,pEzqSHD4
Melisent,Esherwood,mesherwooda8@samsung.com,mesherwooda8,rO3Rpf
Cybill,Thunderchief,cthunderchiefa9@hostgator.com,cthunderchiefa9,SMxIgZw
Cyb,Burbank,cburbankaa@illinois.edu,cburbankaa,O1Lm8doA
Andrei,Kenwyn,akenwynab@dailymotion.com,akenwynab,FU2GaW1l7
Laird,Newlyn,lnewlynac@jigsy.com,lnewlynac,dBhwJhT
Lombard,Curd,lcurdad@mapquest.com,lcurdad,63XOl26c
Carrol,McMonies,cmcmoniesae@last.fm,cmcmoniesae,zFEwWS
Lorenza,Fleis,lfleisaf@wikia.com,lfleisaf,4lt5dlvNn
Alfie,Sudell,asudellag@nih.gov,asudellag,2D9qMAr
Ruthe,Victoria,rvictoriaah@bing.com,rvictoriaah,uxjl54iG0BgP
Larry,Wogan,lwoganai@wp.com,lwoganai,DBWCSkzv
Lambert,Sandwich,lsandwichaj@cdc.gov,lsandwichaj,83GWkqP2
Trista,Whiteley,twhiteleyak@cyberchimps.com,twhiteleyak,HkiYa4iQXiE
Jaimie,Hakey,jhakeyal@canalblog.com,jhakeyal,y7fwvu6Dtpu
Cacilia,Robberts,crobbertsam@odnoklassniki.ru,crobbertsam,bQjtfQ
Vincenty,Kopfen,vkopfenan@blogger.com,vkopfenan,B0vZnWsc7Cef
Chen,Rawsthorn,crawsthornao@gov.uk,crawsthornao,CA81Qe3Md65
Dorene,Redwing,dredwingap@mail.ru,dredwingap,4R7OnUru1mCc
Teresita,Rojahn,trojahnaq@hibu.com,trojahnaq,35WQ0Cp3sni
Germaine,Cayton,gcaytonar@ebay.com,gcaytonar,vWjNfx4
Filmer,Standen,fstandenas@cyberchimps.com,fstandenas,pJTLgQe
Karlie,Geerling,kgeerlingat@yolasite.com,kgeerlingat,CVCSZWzpr
Bunny,Duesberry,bduesberryau@ibm.com,bduesberryau,2iLzFvrdq
Rolf,Storrah,rstorrahav@addtoany.com,rstorrahav,JOk3Dzy3r
Krispin,Rugieri,krugieriaw@usda.gov,krugieriaw,2DxuMKvCt6Og
Marion,Howling,mhowlingax@shinystat.com,mhowlingax,JcD47gaH7WbA
Gert,Effaunt,geffauntay@meetup.com,geffauntay,KqIx2R
Adrian,Lakenden,alakendenaz@webs.com,alakendenaz,BkO3STxe
Viva,Crewes,vcrewesb0@cornell.edu,vcrewesb0,EkYQ5ylMsEJ
Cornell,Cumesky,ccumeskyb1@amazon.com,ccumeskyb1,IzMWzy4m55t
Cathleen,Pettersen,cpettersenb2@domainmarket.com,cpettersenb2,KRx7LmW
Lois,Djorevic,ldjorevicb3@hc360.com,ldjorevicb3,aGZStpv
Aland,Gradon,agradonb4@bbb.org,agradonb4,64L9IcM
Orville,Halpine,ohalpineb5@census.gov,ohalpineb5,QyXroB
Rutger,Shank,rshankb6@sitemeter.com,rshankb6,7z2uux
Cindy,Barajas,cbarajasb7@facebook.com,cbarajasb7,uv6vyaRmPi
Sylas,Crummie,scrummieb8@oaic.gov.au,scrummieb8,r65Xn2RaAu
Janeczka,Calam,jcalamb9@japanpost.jp,jcalamb9,mwiq83Rf89
Katharina,Smalles,ksmallesba@mashable.com,ksmallesba,3xEOsr
Ced,Wellwood,cwellwoodbb@purevolume.com,cwellwoodbb,rA8XXO
Sharleen,Ackred,sackredbc@lycos.com,sackredbc,2etfN8
Roxana,Kinglake,rkinglakebd@economist.com,rkinglakebd,Cb1fOT4
Phyllis,Corradeschi,pcorradeschibe@elpais.com,pcorradeschibe,ebeJ1S6ls
Augusta,Knolles-Green,aknollesgreenbf@nytimes.com,aknollesgreenbf,IsMh7F6H
Patrizia,Acosta,pacostabg@qq.com,pacostabg,YyH0j1GRC
Godwin,Ranson,gransonbh@epa.gov,gransonbh,Nr0JNCG
Giselbert,Ayllett,gayllettbi@creativecommons.org,gayllettbi,hK9mch8MTa
Sada,Barnsley,sbarnsleybj@state.gov,sbarnsleybj,f3boIlx
Leonardo,Kneale,lknealebk@nhs.uk,lknealebk,4ZgYhta46pF
Shoshanna,De'Ath,sdeathbl@vistaprint.com,sdeathbl,kJcVtLaHqQ
Arie,Towl,atowlbm@dion.ne.jp,atowlbm,brqWyeY
Heather,Abry,habrybn@cdc.gov,habrybn,SyDP9iHn
Madison,Ayliffe,mayliffebo@columbia.edu,mayliffebo,Rd3acxbF
Viviana,Girdler,vgirdlerbp@ifeng.com,vgirdlerbp,qY8cQNAm
Josh,Geal,jgealbq@surveymonkey.com,jgealbq,fSwFCpJb
Bat,Fallows,bfallowsbr@usda.gov,bfallowsbr,okAjca
Genia,Whenham,gwhenhambs@skype.com,gwhenhambs,elvT57S3xbc
Yanaton,Macvey,ymacveybt@aboutads.info,ymacveybt,D6lVGKokKoSx
Wandie,Critzen,wcritzenbu@nationalgeographic.com,wcritzenbu,NWE3PssYX8l
Delila,McLauchlin,dmclauchlinbv@4shared.com,dmclauchlinbv,cmAznJ6MT
Amie,Aisbett,aaisbettbw@drupal.org,aaisbettbw,x73h5c
Natal,Showering,nshoweringbx@weebly.com,nshoweringbx,PgDB8I82G8
John,Bastian,jbastianby@bloglines.com,jbastianby,IEAfod5DrLB
Christopher,Pieterick,cpieterickbz@army.mil,cpieterickbz,dwqQvuL
Corri,Boother,cbootherc0@wix.com,cbootherc0,aLItslXZ5
Miof mela,Meanwell,mmeanwellc1@china.com.cn,mmeanwellc1,PonCJeSWc0M
Ebeneser,Langford,elangfordc2@ow.ly,elangfordc2,NvhaWWO
Cly,Crompton,ccromptonc3@yellowpages.com,ccromptonc3,RpH6JK9Qj
Samuele,Corner,scornerc4@disqus.com,scornerc4,Gs6ECj
Karole,Leebetter,kleebetterc5@nationalgeographic.com,kleebetterc5,hGVxuSQ
Merrie,Charlton,mcharltonc6@nationalgeographic.com,mcharltonc6,iiwiE9
Georgiana,Shetliff,gshetliffc7@google.it,gshetliffc7,zFkI6g5R
Melamie,Spoerl,mspoerlc8@china.com.cn,mspoerlc8,Uxe6MqEqhR
Clim,Whiten,cwhitenc9@washingtonpost.com,cwhitenc9,3mIP9l
Austina,Franciskiewicz,afranciskiewiczca@discovery.com,afranciskiewiczca,dOuCZ1
Vladimir,Jeram,vjeramcb@lycos.com,vjeramcb,EdJr91U1T
Kat,Chatterton,kchattertoncc@ebay.co.uk,kchattertoncc,Yg09nch5p8sK
Chandler,Poyner,cpoynercd@buzzfeed.com,cpoynercd,8E1XYd5ZqsF
Elia,Souley,esouleyce@creativecommons.org,esouleyce,XUh3jbP
Roger,Lowndsborough,rlowndsboroughcf@nyu.edu,rlowndsboroughcf,dwlOnOBq
Karie,Gieves,kgievescg@japanpost.jp,kgievescg,YVG52DloYM1A
Maybelle,Kilbane,mkilbanech@photobucket.com,mkilbanech,8WerPSh53p
Ian,Moxstead,imoxsteadci@opera.com,imoxsteadci,wcjUIqz
Mikael,Holtom,mholtomcj@engadget.com,mholtomcj,uGpUCvPM
Petra,Daniaud,pdaniaudck@plala.or.jp,pdaniaudck,mEHseKfXq9
Cory,Tytterton,ctyttertoncl@dedecms.com,ctyttertoncl,6AywZ6
Dorthy,Dowles,ddowlescm@bizjournals.com,ddowlescm,MrNr5SrTIww
Laverne,Brech,lbrechcn@weather.com,lbrechcn,F2gSq9zk
Ody,Maker,omakerco@t-online.de,omakerco,dxJE3XBDURYd
Sonja,Turvey,sturveycp@newyorker.com,sturveycp,KekBHJm5
Alexei,Lowery,alowerycq@discuz.net,alowerycq,2UvHRzjTCtx
Heddie,Petrolli,hpetrollicr@multiply.com,hpetrollicr,tLh4Hm55hS
Trenton,Fortman,tfortmancs@quantcast.com,tfortmancs,oYHroRBGv
Genny,Simmig,gsimmigct@ow.ly,gsimmigct,qvYWGA1e9j
Lewes,Ivasyushkin,livasyushkincu@ning.com,livasyushkincu,HB3oOHIpv
Keri,O Mullen,komullencv@buzzfeed.com,komullencv,uJVMF9y
Yasmin,Oldis,yoldiscw@google.com.br,yoldiscw,inookq
Merl,Salatino,msalatinocx@edublogs.org,msalatinocx,49TVCC
Case,McAulay,cmcaulaycy@dion.ne.jp,cmcaulaycy,VAhfKM
Jerome,Nussii,jnussiicz@nps.gov,jnussiicz,gEi4CzFrV
Conn,Kilmary,ckilmaryd0@google.ca,ckilmaryd0,kPkHds0483V
Witty,Mackerel,wmackereld1@live.com,wmackereld1,DsP7xhLtFnx
Lorrin,Boorne,lboorned2@t.co,lboorned2,0MfP7X5I
Chelsae,Le Provest,cleprovestd3@sfgate.com,cleprovestd3,cPjm3D6lRt
Myranda,Petcher,mpetcherd4@usatoday.com,mpetcherd4,lDvWQrv
Waly,Atcherley,watcherleyd5@cbc.ca,watcherleyd5,1QjrBLOSdvL
Roslyn,Paddison,rpaddisond6@dailymotion.com,rpaddisond6,pc7Who9CzI1
Yancy,Houseago,yhouseagod7@ucla.edu,yhouseagod7,Yo9yn7Y2
Hewe,Viollet,hviolletd8@desdev.cn,hviolletd8,HdWQFbN
Gare,Kenworth,gkenworthd9@imdb.com,gkenworthd9,vAJtBkUEUEJq
My,Siebert,msiebertda@xinhuanet.com,msiebertda,INSMXgcHsyh
Ely,Escritt,eescrittdb@pbs.org,eescrittdb,JDqGwVXEP
Ediva,Dreghorn,edreghorndc@cyberchimps.com,edreghorndc,w75Y0fXES5
Francoise,Lemery,flemerydd@sphinn.com,flemerydd,IQm4zgXNi
Sarajane,Gard,sgardde@bigcartel.com,sgardde,YTyEpTEeaj
Rosene,Henrique,rhenriquedf@si.edu,rhenriquedf,AbfS1kX7
Karmen,Konmann,kkonmanndg@washingtonpost.com,kkonmanndg,J0aJvhIuFEk2
Christophorus,Mancell,cmancelldh@squarespace.com,cmancelldh,yADsSnP58f
Rawley,Dable,rdabledi@shareasale.com,rdabledi,Qzl6pG
Hebert,Cann,hcanndj@google.ru,hcanndj,hbwFCcPHbv2Y
Abbe,McCroft,amccroftdk@barnesandnoble.com,amccroftdk,Ne6jJylYHNg
Adelbert,Heathorn,aheathorndl@xing.com,aheathorndl,xMH3urqq7uiU
Dedra,Scoon,dscoondm@google.it,dscoondm,zIY3Oix
Ronnie,Brosenius,rbroseniusdn@dailymail.co.uk,rbroseniusdn,3JTlmJ0
Enriqueta,Treske,etreskedo@dailymail.co.uk,etreskedo,f6auAugF
Eveline,Kinsey,ekinseydp@tamu.edu,ekinseydp,023fa9ptv
Bayard,Comben,bcombendq@pagesperso-orange.fr,bcombendq,NyRDOff9
Faythe,MacGillivray,fmacgillivraydr@theglobeandmail.com,fmacgillivraydr,vJ458w2OzY
Estevan,Locarno,elocarnods@ovh.net,elocarnods,5Zl1XS1yKFCa
Haze,Fedoronko,hfedoronkodt@arizona.edu,hfedoronkodt,J3SDEk0
Oren,Baselio,obaseliodu@ft.com,obaseliodu,hfyB0pL5z
Romola,Shakshaft,rshakshaftdv@de.vu,rshakshaftdv,Z3mo7dp
Arleyne,Biddiss,abiddissdw@ucoz.com,abiddissdw,THa3Rl
Price,Holligan,pholligandx@dropbox.com,pholligandx,AlS5j6N
Merry,McCoole,mmccooledy@bloglovin.com,mmccooledy,CWAjMIyJYqn
Serene,O'Bradane,sobradanedz@acquirethisname.com,sobradanedz,dPBWccI
Susette,Kollach,skollache0@baidu.com,skollache0,LrRZ8MFJKQhr
Pearla,Alfonso,palfonsoe1@csmonitor.com,palfonsoe1,gLnr7MK0n58
Arturo,Hulbert,ahulberte2@nationalgeographic.com,ahulberte2,67GOSRxh3sy
Flore,Branni,fbrannie3@twitpic.com,fbrannie3,gqgfPmUyXnR
Carolyn,Scherer,cscherere4@godaddy.com,cscherere4,hFbXmulk8X
Heida,Rumsby,hrumsbye5@alibaba.com,hrumsbye5,GN484CsGS
Eleonore,Winder,ewindere6@chicagotribune.com,ewindere6,ASPdKLs
Raynard,Bencher,rbenchere7@zdnet.com,rbenchere7,zhNGJfQBJ
Tam,Moverley,tmoverleye8@noaa.gov,tmoverleye8,DKT0piCn9K
Wilburt,Petett,wpetette9@google.co.jp,wpetette9,3d6oLV79
Mikey,Gubbin,mgubbinea@blogtalkradio.com,mgubbinea,wFuxhOT
Silvio,Tallent,stallenteb@paypal.com,stallenteb,htrePom
Darrick,Mangenot,dmangenotec@prweb.com,dmangenotec,PzgXJb65w66l
Linea,Yukhtin,lyukhtined@msn.com,lyukhtined,NpbulV
Charmain,Moorey,cmooreyee@fema.gov,cmooreyee,IDUZ1ToIHcv
Abigail,Pentlow,apentlowef@yandex.ru,apentlowef,CxtTys
Rea,Doyland,rdoylandeg@cafepress.com,rdoylandeg,egliqLSy
Stefan,Bennoe,sbennoeeh@nsw.gov.au,sbennoeeh,3ld64jwqCv3
Ingar,Kubera,ikuberaei@topsy.com,ikuberaei,tp8tQIFumA
Alexandr,Bachura,abachuraej@drupal.org,abachuraej,fWYJG0Scn
Pace,Crooke,pcrookeek@php.net,pcrookeek,UYuKgZxFvxS
Tobey,Wixey,twixeyel@hc360.com,twixeyel,tJXwsCyaefL
Nevin,Eliaz,neliazem@fema.gov,neliazem,aeROd3UjF9OK
Irita,Cardiff,icardiffen@uiuc.edu,icardiffen,H1q7TUZ
Kimberlyn,Swanton,kswantoneo@miitbeian.gov.cn,kswantoneo,8IthmC
Cristine,McKall,cmckallep@jugem.jp,cmckallep,1G4JbKpk
Emery,Barrable,ebarrableeq@qq.com,ebarrableeq,RjDpBS6GCI
Marney,Landal,mlandaler@eventbrite.com,mlandaler,W0NCNzXjQ8
Eunice,Darque,edarquees@examiner.com,edarquees,7UxkVzhCEnrb
Saleem,Browning,sbrowninget@stumbleupon.com,sbrowninget,JYdnmfp
Daile,Meachan,dmeachaneu@hao123.com,dmeachaneu,OwcHWeoe
Aymer,Boyle,aboyleev@lulu.com,aboyleev,XY3fAD
Jody,Dearnaley,jdearnaleyew@microsoft.com,jdearnaleyew,2Pl3pnrks
Katharina,Shipway,kshipwayex@nyu.edu,kshipwayex,qvgQElkBKvGh
Skippy,Pfeiffer,spfeifferey@php.net,spfeifferey,FCv7NkPmMLij
Nancie,Widdecombe,nwiddecombeez@blogtalkradio.com,nwiddecombeez,8thY60oi
Fredric,Corrett,fcorrettf0@reverbnation.com,fcorrettf0,O8QC2uwAj
Micki,Eldritt,meldrittf1@fda.gov,meldrittf1,Rl52o3giQ
Ozzie,Fenck,ofenckf2@mediafire.com,ofenckf2,7gCaSQKE7
Chelsey,Stratiff,cstratifff3@ox.ac.uk,cstratifff3,zl2yhG
Roth,Guenther,rguentherf4@ocn.ne.jp,rguentherf4,LpFVnuTqyNY
Roddy,Yerson,ryersonf5@shinystat.com,ryersonf5,eQIbNMcI
Daron,Leheude,dleheudef6@comsenz.com,dleheudef6,94yj3H
Suellen,Dyshart,sdyshartf7@myspace.com,sdyshartf7,6Af64amn2bR
Stevena,McLukie,smclukief8@guardian.co.uk,smclukief8,F8iVBsV
Evelina,Botwright,ebotwrightf9@nydailynews.com,ebotwrightf9,ft46YArkXN9
Riccardo,Clohissy,rclohissyfa@goo.gl,rclohissyfa,U99lqd
Vevay,Gulliver,vgulliverfb@goo.ne.jp,vgulliverfb,ma3CfT
Verge,Timlin,vtimlinfc@ucsd.edu,vtimlinfc,kyyMoagVNI
Mirna,Francombe,mfrancombefd@creativecommons.org,mfrancombefd,Fmmk2U7
Paul,Tigwell,ptigwellfe@nytimes.com,ptigwellfe,5VSY2LF
Tristam,Duckworth,tduckworthff@usa.gov,tduckworthff,SMIDgG2ESIA
Gerry,Beauchop,gbeauchopfg@canalblog.com,gbeauchopfg,oBdMKF24
Jimmie,Neathway,jneathwayfh@disqus.com,jneathwayfh,54Kk9wt
Sigmund,Colbertson,scolbertsonfi@google.com,scolbertsonfi,Hchmh8RHOz
Bettina,Weymont,bweymontfj@latimes.com,bweymontfj,l3OuEiwn
Yurik,Kinvan,ykinvanfk@illinois.edu,ykinvanfk,VTjXMylS
Angie,Ruane,aruanefl@wisc.edu,aruanefl,tiiIoWwYaPQ
Abra,Husher,ahusherfm@ucsd.edu,ahusherfm,pN51azin
Dallon,Stapels,dstapelsfn@geocities.com,dstapelsfn,ICwYXeKMeH
Amos,Climance,aclimancefo@time.com,aclimancefo,GRc8TC
Dolores,Moston,dmostonfp@alibaba.com,dmostonfp,27vrY0N
Amelina,Vedmore,avedmorefq@theatlantic.com,avedmorefq,aAPk5ohJjlCm
Madelle,Tully,mtullyfr@posterous.com,mtullyfr,JNgaCWni4F0
Alex,Rhydderch,arhydderchfs@wiley.com,arhydderchfs,fFgVddClt8I
Stephi,Kittle,skittleft@timesonline.co.uk,skittleft,ybq1sXBwF9
Jessica,Udden,juddenfu@taobao.com,juddenfu,XAYGmsUCe
Ludwig,Oven,lovenfv@bluehost.com,lovenfv,oVIcxCJjI3
Yorgos,Studdard,ystuddardfw@odnoklassniki.ru,ystuddardfw,6esBQwS
Budd,McCoughan,bmccoughanfx@51.la,bmccoughanfx,r8K3tk0qh
Nil,Waiton,nwaitonfy@linkedin.com,nwaitonfy,ZJmQz4eKqfoI
Vinnie,Messier,vmessierfz@nymag.com,vmessierfz,9Tp24LQyQO
Heinrick,Spivey,hspiveyg0@ask.com,hspiveyg0,S7ObYl
Aila,Canet,acanetg1@nature.com,acanetg1,FjHrHeuOGb
Ring,Quiddington,rquiddingtong2@statcounter.com,rquiddingtong2,aq9pUb9xz3aw
Noak,Capoun,ncapoung3@intel.com,ncapoung3,Xukbm9Mr4Ld
Tobi,Shovelbottom,tshovelbottomg4@liveinternet.ru,tshovelbottomg4,AKCf6K43RBUE
Bartie,De'Vere - Hunt,bdeverehuntg5@addtoany.com,bdeverehuntg5,f7HwHPc9
Symon,Dorracott,sdorracottg6@chron.com,sdorracottg6,ZVZqn3lTc
Adair,Busby,abusbyg7@slate.com,abusbyg7,Hz8xCyFSkd
Daron,O'Conor,doconorg8@wix.com,doconorg8,P6dQCy
Arlan,Studde,astuddeg9@taobao.com,astuddeg9,FN6QIZJhs
Marilin,Kubiczek,mkubiczekga@sohu.com,mkubiczekga,NDoM8stYC
Kathie,Solley,ksolleygb@intel.com,ksolleygb,J9b59mg19U
Mindy,Gladwin,mgladwingc@livejournal.com,mgladwingc,kIGHcAIkNE
Mignonne,Muselli,mmuselligd@engadget.com,mmuselligd,IX2gtngtBG0N
Tracy,Pomfrett,tpomfrettge@wsj.com,tpomfrettge,fcaJ529dIc4
Zachary,Radnage,zradnagegf@linkedin.com,zradnagegf,kPReJ7ZQVj8K
Kristine,Battison,kbattisongg@army.mil,kbattisongg,KXQ2zT6vf
Dianna,Bwye,dbwyegh@merriam-webster.com,dbwyegh,6GkKJgdc
Guss,Muddicliffe,gmuddicliffegi@uiuc.edu,gmuddicliffegi,BGbe6D
Ingrid,Middlehurst,imiddlehurstgj@flavors.me,imiddlehurstgj,XTEXrCPg5m
Micaela,Dautry,mdautrygk@go.com,mdautrygk,gzWZSIku9u
Amargo,Tumbridge,atumbridgegl@vkontakte.ru,atumbridgegl,bTKZDHdLPb
Faith,Heaker,fheakergm@businesswire.com,fheakergm,C12wwwPm8
Roxanna,Nettles,rnettlesgn@technorati.com,rnettlesgn,P78LM9S
Moll,Mager,mmagergo@newyorker.com,mmagergo,GLDevmEzjh
Karel,Lethebridge,klethebridgegp@google.ca,klethebridgegp,yL99nIJVyZB
Berkeley,Witty,bwittygq@123-reg.co.uk,bwittygq,qOuqtCl
Art,Guinness,aguinnessgr@biblegateway.com,aguinnessgr,ZN1MEplwLHG6
Torin,Roskrug,troskruggs@aboutads.info,troskruggs,QIAVwCupq2Ga
Jen,Skellington,jskellingtongt@yolasite.com,jskellingtongt,eTDuEEZ743uq
Alison,Delong,adelonggu@istockphoto.com,adelonggu,7Lb5MkR1bJQX
Lincoln,Heamus,lheamusgv@nationalgeographic.com,lheamusgv,zFYvF11II
Pandora,Brinsden,pbrinsdengw@hugedomains.com,pbrinsdengw,YZKo3v80hNJf
Sebastiano,Arnoll,sarnollgx@ask.com,sarnollgx,HfkhQNI
Caryn,Lowman,clowmangy@fema.gov,clowmangy,VywmC4cW
Tabbitha,Danilyak,tdanilyakgz@tmall.com,tdanilyakgz,oTMDhD
Rudie,O'Driscoll,rodriscollh0@instagram.com,rodriscollh0,LubQkNXQuLQ
Nancie,MacCoughan,nmaccoughanh1@cnn.com,nmaccoughanh1,VLTieFkkoR
Donn,Paulsen,dpaulsenh2@free.fr,dpaulsenh2,8ljRFWq
Lacey,Greenwell,lgreenwellh3@xinhuanet.com,lgreenwellh3,X2lK6NstE
Ema,Marcone,emarconeh4@weibo.com,emarconeh4,KRmdBXsKJ
Jaclin,Jorin,jjorinh5@wp.com,jjorinh5,VbigBUZ
Cecil,Scimone,cscimoneh6@telegraph.co.uk,cscimoneh6,j1fvFzso
Donal,McLagan,dmclaganh7@dedecms.com,dmclaganh7,MfLCabPxNyG
Rene,Rabbage,rrabbageh8@barnesandnoble.com,rrabbageh8,p2LzNv
Goldi,Knyvett,gknyvetth9@google.pl,gknyvetth9,uKQM8ARQBhF
Idette,Bracknall,ibracknallha@miibeian.gov.cn,ibracknallha,Xy4jmw5HNrR7
Yolane,Tyzack,ytyzackhb@slashdot.org,ytyzackhb,SPQj2qyohCTB
Davita,Crilley,dcrilleyhc@home.pl,dcrilleyhc,e3y31iOmK
Stace,Schroder,sschroderhd@paypal.com,sschroderhd,cHO6ki
Rodrigo,Cheesman,rcheesmanhe@purevolume.com,rcheesmanhe,t1GDusnh1
Lotta,Capel,lcapelhf@apache.org,lcapelhf,RIMUpBnhej6
Trstram,Laughlan,tlaughlanhg@simplemachines.org,tlaughlanhg,rDTzHHHIh
Edd,Niles,enileshh@edublogs.org,enileshh,z8eW4tEs
Bradney,Dunsmore,bdunsmorehi@indiegogo.com,bdunsmorehi,fEvthEk5tgM
Noreen,Yude,nyudehj@shop-pro.jp,nyudehj,h8kdAFI429H
Hyacintha,Shinton,hshintonhk@tinypic.com,hshintonhk,yGbdNpZLZ8t
Ced,Runcieman,crunciemanhl@altervista.org,crunciemanhl,haGyscXbP6dW
Cecil,Robez,crobezhm@last.fm,crobezhm,h629vbrux
Auria,Ferryman,aferrymanhn@qq.com,aferrymanhn,5NUG55nzt
Janna,Lindblom,jlindblomho@over-blog.com,jlindblomho,Arpl9yRDDlnM
Saunderson,Waples,swapleshp@amazon.de,swapleshp,qvxdvY7
Moira,Fenney,mfenneyhq@jugem.jp,mfenneyhq,WUllIArHc6X
Felice,Philips,fphilipshr@symantec.com,fphilipshr,1S0JEuHqv
Horatius,Flewitt,hflewitths@php.net,hflewitths,GtiJHNFJTP
Fanechka,Simmen,fsimmenht@smh.com.au,fsimmenht,TgR84M
Garald,Handrahan,ghandrahanhu@themeforest.net,ghandrahanhu,XbBTF3R9V
Ronald,Fitzsymon,rfitzsymonhv@aol.com,rfitzsymonhv,4xZzgam
Emilie,Hellwig,ehellwighw@ebay.com,ehellwighw,cH5rVxFKSds
Carol-jean,Lonsdale,clonsdalehx@clickbank.net,clonsdalehx,S1S9t4
Dacey,Novic,dnovichy@mit.edu,dnovichy,2YfPChvVB6r
Chas,Bickerdike,cbickerdikehz@angelfire.com,cbickerdikehz,5iYjL6bnA
Robin,Riseborough,rriseboroughi0@seesaa.net,rriseboroughi0,cet5YNunDK
Syd,Brooksbie,sbrooksbiei1@woothemes.com,sbrooksbiei1,cU0mvvdi6AV
Tobie,Pankhurst.,tpankhursti2@skyrock.com,tpankhursti2,yaMpqWLd3viE
Will,Ashbey,washbeyi3@prlog.org,washbeyi3,XILKiI2
Brittney,Barday,bbardayi4@elegantthemes.com,bbardayi4,AuFbMT9f0Has
Godart,Crosi,gcrosii5@altervista.org,gcrosii5,E2Toofu
Dniren,Fayerman,dfayermani6@unblog.fr,dfayermani6,rboU66ZWXO
Kilian,Pauley,kpauleyi7@blogs.com,kpauleyi7,GUTtfY4O
Neal,Olivas,nolivasi8@ovh.net,nolivasi8,EXabJr7jZ
Orazio,Simony,osimonyi9@opensource.org,osimonyi9,X7WxCeectq
Case,Priestland,cpriestlandia@ucsd.edu,cpriestlandia,pBllmn3w
Devondra,Bartlosz,dbartloszib@biblegateway.com,dbartloszib,AQT4Y401
Hynda,Lorraine,hlorraineic@cbslocal.com,hlorraineic,dEh3yrCtDu
Delora,MacGregor,dmacgregorid@people.com.cn,dmacgregorid,HvmmhJKv
Jackqueline,Dodds,jdoddsie@princeton.edu,jdoddsie,Ligf9EZ0
Hamel,Sherston,hsherstonif@51.la,hsherstonif,mOcdCg6OTadn
Myranda,Behrens,mbehrensig@4shared.com,mbehrensig,nKh8zUh
Griselda,Deering,gdeeringih@amazon.co.jp,gdeeringih,a9j9B36
Rebecka,Covet,rcovetii@princeton.edu,rcovetii,OyWd6VC
Natty,Beloe,nbeloeij@toplist.cz,nbeloeij,yCVb5SOZtJle
Harland,Cottill,hcottillik@51.la,hcottillik,vDNlP1
Paige,Chomicki,pchomickiil@newsvine.com,pchomickiil,kNPpbaxwiBD
Adara,Lideard,alideardim@upenn.edu,alideardim,y56hxZ
Katrina,Orry,korryin@parallels.com,korryin,QQiQFr7BZE2
Maxine,Sharrier,msharrierio@seesaa.net,msharrierio,WO0hCe
Galven,Baybutt,gbaybuttip@hao123.com,gbaybuttip,H1Z5ze3C0
Cyrillus,Cochet,ccochetiq@scribd.com,ccochetiq,cHSzmI2dk
Randolf,Balasini,rbalasiniir@mapquest.com,rbalasiniir,VJv4N0VXK9uj
Rhea,Netherclift,rnethercliftis@wunderground.com,rnethercliftis,Im6ghZ2w
Glenn,Cubbino,gcubbinoit@dailymail.co.uk,gcubbinoit,cbOu9s
Vincenty,Kelberer,vkelbereriu@google.pl,vkelbereriu,h92csctkG6XK
Killian,Lessmare,klessmareiv@indiatimes.com,klessmareiv,SEI3C2Jvtq
Ricki,Healks,rhealksiw@topsy.com,rhealksiw,XrNBffeGL
Hurley,Klassmann,hklassmannix@npr.org,hklassmannix,7VgrEu
Meridith,Rubanenko,mrubanenkoiy@indiegogo.com,mrubanenkoiy,p8W4cTVEqtvq
Templeton,Putson,tputsoniz@ebay.co.uk,tputsoniz,AAZHjzo
Kailey,Varcoe,kvarcoej0@nps.gov,kvarcoej0,5Pno1n
Rhianna,Dy,rdyj1@free.fr,rdyj1,Uok999YKq
Clair,Salleir,csalleirj2@psu.edu,csalleirj2,2UvIJy8MVh
Tye,Pemberton,tpembertonj3@gizmodo.com,tpembertonj3,yb1umh
Lacy,Ackerman,lackermanj4@e-recht24.de,lackermanj4,9Dx2Z3BpW
Lin,Corradeschi,lcorradeschij5@bbb.org,lcorradeschij5,72ziQutyd4Yp
Junette,Joel,jjoelj6@usda.gov,jjoelj6,rxU3rV
Salomi,Reen,sreenj7@hostgator.com,sreenj7,TeAtMYDdzY
Danita,Cheyenne,dcheyennej8@salon.com,dcheyennej8,TkaUPB41M
Elsworth,Beardsell,ebeardsellj9@blinklist.com,ebeardsellj9,WmyDdpR
Valera,Osbidston,vosbidstonja@cbc.ca,vosbidstonja,p3BVyNR4
Clive,Eddy,ceddyjb@gizmodo.com,ceddyjb,rHxpSoff9lMi
Gerome,Machan,gmachanjc@xing.com,gmachanjc,3gNmAakTy
Bobine,Joust,bjoustjd@marketwatch.com,bjoustjd,QdPWKVxQOo
Clywd,McCarter,cmccarterje@mit.edu,cmccarterje,xOH6YoddX
Ashby,O'Fearguise,aofearguisejf@istockphoto.com,aofearguisejf,UEQo2y9o
Clary,Karpychev,ckarpychevjg@icq.com,ckarpychevjg,AXQ4PA
Scarlett,Caudwell,scaudwelljh@seattletimes.com,scaudwelljh,Z5Ie50AU
Zerk,Hiorn,zhiornji@epa.gov,zhiornji,bj2nJ04QZpD
Verene,Gorgl,vgorgljj@stanford.edu,vgorgljj,z5Xd782o
Lynne,Brickett,lbrickettjk@miitbeian.gov.cn,lbrickettjk,tfpF5q1y
Nina,Rennenbach,nrennenbachjl@lulu.com,nrennenbachjl,pbcQQMdV
Erv,Burgoin,eburgoinjm@mail.ru,eburgoinjm,gDAV2ZRxXS
Clemente,Kinch,ckinchjn@webnode.com,ckinchjn,Zpiw18H
Dalli,Culvey,dculveyjo@nps.gov,dculveyjo,L2QGRD
Simeon,Baguley,sbaguleyjp@vkontakte.ru,sbaguleyjp,LM3c9j4oK3m
Linc,De Gregoli,ldegregolijq@timesonline.co.uk,ldegregolijq,HoV5OA
Laraine,Sunock,lsunockjr@wordpress.com,lsunockjr,iHquFc
Justinn,Petkens,jpetkensjs@4shared.com,jpetkensjs,yNpBSg1Yh
Aubry,Agass,aagassjt@stanford.edu,aagassjt,ka5jq0eusqR
Nannette,Gonnard,ngonnardju@odnoklassniki.ru,ngonnardju,uNkho8
Robyn,Drury,rdruryjv@tumblr.com,rdruryjv,DbE3S5sE
Abagael,Matzen,amatzenjw@vimeo.com,amatzenjw,iVAPLfyc
Vincenz,Schirach,vschirachjx@boston.com,vschirachjx,cyGOoX2QcTnd
Gothart,Pilley,gpilleyjy@indiatimes.com,gpilleyjy,cHaHm5VSx7LX
Fiorenze,Danser,fdanserjz@deliciousdays.com,fdanserjz,j6Mc7pR
Cara,Pestor,cpestork0@last.fm,cpestork0,Dg4Hy9SG
Rhea,Hunter,rhunterk1@buzzfeed.com,rhunterk1,ixAR5Ob0nxnW
Heida,Gareisr,hgareisrk2@harvard.edu,hgareisrk2,a9t0wjwqC
Leelah,Beviss,lbevissk3@vistaprint.com,lbevissk3,8tB8P8tUFicu
Elijah,Souten,esoutenk4@blogger.com,esoutenk4,bMIDNyN
Viviyan,Gunter,vgunterk5@seesaa.net,vgunterk5,hMNaSXOuAi
Jaynell,Stephens,jstephensk6@networksolutions.com,jstephensk6,KP35yJJ0P
Rand,Shawcross,rshawcrossk7@time.com,rshawcrossk7,c3IQ41FSK42
Matelda,Caro,mcarok8@yelp.com,mcarok8,JpfHDI
Gerty,Haley,ghaleyk9@stanford.edu,ghaleyk9,fptT6RHH2j2p
Orion,McSherry,omcsherryka@infoseek.co.jp,omcsherryka,kX7ReOiczy
Jeniece,Lemmens,jlemmenskb@imdb.com,jlemmenskb,NiWl1ipxYB
Bail,Mityashev,bmityashevkc@java.com,bmityashevkc,nUAozxrPW
Jeniece,Petrolli,jpetrollikd@nytimes.com,jpetrollikd,6OgzOzlL1W6
Karoline,Bardell,kbardellke@cornell.edu,kbardellke,TUIka7
Torr,Fehners,tfehnerskf@ustream.tv,tfehnerskf,W4axBJ
Elden,Baggalley,ebaggalleykg@gov.uk,ebaggalleykg,9hsBxjnYNAg
Haleigh,Ramstead,hramsteadkh@e-recht24.de,hramsteadkh,YyRscboTw
Beatrisa,Clemonts,bclemontski@chron.com,bclemontski,g5B9I1S
Vanda,Sauven,vsauvenkj@patch.com,vsauvenkj,n969jH5qbj
Glenda,Andrault,gandraultkk@auda.org.au,gandraultkk,9LYz2NG
Jerri,Edmondson,jedmondsonkl@photobucket.com,jedmondsonkl,K3JXGoZfx
Marlo,Kinforth,mkinforthkm@wix.com,mkinforthkm,qP9kr6HJN
Cary,Kernocke,ckernockekn@trellian.com,ckernockekn,KO4dQon
Tabby,Strute,tstruteko@4shared.com,tstruteko,0AjN0Cuekt
Veda,Jadczak,vjadczakkp@over-blog.com,vjadczakkp,q9ULouk0BkK
Reynold,Reely,rreelykq@businessweek.com,rreelykq,X2wVwCT4tCtc
Ardath,Worsnap,aworsnapkr@jigsy.com,aworsnapkr,8Af8xq
Rowe,Adelman,radelmanks@independent.co.uk,radelmanks,CjDm4C8Av3B
Marlon,Ivetts,mivettskt@wikispaces.com,mivettskt,DF7RuqWJ9cP
Spenser,Muzzini,smuzziniku@4shared.com,smuzziniku,az4RYPhiKnH
Vinny,Raysdale,vraysdalekv@wikipedia.org,vraysdalekv,uPrzRuHZb
Zsazsa,Fieldgate,zfieldgatekw@oracle.com,zfieldgatekw,GBZ9eeza
Beilul,Frosch,bfroschkx@google.it,bfroschkx,bUUV6zW
Albie,Castenda,acastendaky@ted.com,acastendaky,DrnG5E
Dar,Marsh,dmarshkz@europa.eu,dmarshkz,gEJvJyPm
Cherish,Spuner,cspunerl0@sitemeter.com,cspunerl0,ajFWEmzytZ
Berget,Mallows,bmallowsl1@npr.org,bmallowsl1,iEuiBp7
Barbra,Sowood,bsowoodl2@reddit.com,bsowoodl2,M3Zsofi5SOYJ
Farica,Manders,fmandersl3@jalbum.net,fmandersl3,NaWtpdcczZ2f
Debra,Tortis,dtortisl4@hugedomains.com,dtortisl4,DFTlvwGSCNF
Ninnette,Sharland,nsharlandl5@tiny.cc,nsharlandl5,5yoh4fSM
Prentice,Lockney,plockneyl6@cocolog-nifty.com,plockneyl6,43qXOLwdc
Steffi,Strickett,sstrickettl7@latimes.com,sstrickettl7,ObygaV1rC0x1
Lian,Upstell,lupstelll8@t.co,lupstelll8,ST2RY0Gl0h
Eziechiele,Pinchen,epinchenl9@woothemes.com,epinchenl9,oYjdmOI
Denney,Lambird,dlambirdla@com.com,dlambirdla,e53RILm
Imogene,Nussey,inusseylb@google.co.uk,inusseylb,yDdcaGgoNHIy
Buckie,Paulack,bpaulacklc@mediafire.com,bpaulacklc,jzkew0x8X
Correy,Baglan,cbaglanld@eepurl.com,cbaglanld,G35g5u5HT
Xena,Nelsen,xnelsenle@google.ru,xnelsenle,ImnvjdliX
Anatola,McGoldrick,amcgoldricklf@ustream.tv,amcgoldricklf,3SWWsW
Roze,Seaton,rseatonlg@behance.net,rseatonlg,7y6IUaX
Charlena,Draycott,cdraycottlh@answers.com,cdraycottlh,PsiKXeUI
Demetrius,Kayne,dkayneli@nps.gov,dkayneli,c326uuXAR
Garwin,Walshaw,gwalshawlj@usatoday.com,gwalshawlj,ytFg5s67s
Inger,Vicary,ivicarylk@prlog.org,ivicarylk,UHtp5GTZ
Billy,Tarrier,btarrierll@mail.ru,btarrierll,t5pmgZkJHGA
Juline,Serrurier,jserrurierlm@mail.ru,jserrurierlm,Qyptv2ukZ
Franklin,Cust,fcustln@washingtonpost.com,fcustln,EpGalgvIS
Parsifal,Giacobilio,pgiacobiliolo@devhub.com,pgiacobiliolo,8ibso3STY1
Kelcie,Armatage,karmatagelp@nyu.edu,karmatagelp,lQaxjR6RH9
Gerek,Yeude,gyeudelq@freewebs.com,gyeudelq,ofCGudl8Bb
Emylee,Giorgielli,egiorgiellilr@princeton.edu,egiorgiellilr,nhw7NrOo
Elsi,Siebart,esiebartls@upenn.edu,esiebartls,5Tdn50a33
Sukey,Boggas,sboggaslt@istockphoto.com,sboggaslt,qpyowmsw8Zy
Hyatt,Turton,hturtonlu@gizmodo.com,hturtonlu,HvjEBuq7C
Lilian,Blackater,lblackaterlv@wikipedia.org,lblackaterlv,YwsUXxf
Alvin,Tregido,atregidolw@blogtalkradio.com,atregidolw,hiop4i
Park,Bassett,pbassettlx@hc360.com,pbassettlx,gYJXThJ7sX5
Brendis,Dethloff,bdethloffly@shop-pro.jp,bdethloffly,P1o23zxieGK
Chet,Flannigan,cflanniganlz@t.co,cflanniganlz,JQdvgCaLFG5C
Berthe,Renvoise,brenvoisem0@purevolume.com,brenvoisem0,4rLyaF6u2E
Adella,Park,aparkm1@free.fr,aparkm1,3UEbaxZJK
Keir,Sparrow,ksparrowm2@ucla.edu,ksparrowm2,ik3MIVU1rpFO
Harri,Jacson,hjacsonm3@theatlantic.com,hjacsonm3,rjBoA4RF
Zolly,Fermer,zfermerm4@istockphoto.com,zfermerm4,9cxdZjWSLRK
Dyanne,Cloonan,dcloonanm5@acquirethisname.com,dcloonanm5,OpMH0SHPsw
Shelbi,Benadette,sbenadettem6@scientificamerican.com,sbenadettem6,KziAGrmD952
Tilda,Skellington,tskellingtonm7@symantec.com,tskellingtonm7,xsPViGd
Nicky,McLagain,nmclagainm8@elpais.com,nmclagainm8,Fh434UJr1NzI
Martha,Hairsnape,mhairsnapem9@home.pl,mhairsnapem9,FqbwdkQaH
Devan,Hradsky,dhradskyma@gizmodo.com,dhradskyma,6wjxkP
Malorie,Castillon,mcastillonmb@comsenz.com,mcastillonmb,AxT7YQ
Bride,Littler,blittlermc@wix.com,blittlermc,PYlMSAV8f8
Nydia,Carden,ncardenmd@marriott.com,ncardenmd,MXnirXgoW
Kenon,Pledge,kpledgeme@hc360.com,kpledgeme,fMo4reWsc
Vail,Edwicke,vedwickemf@google.cn,vedwickemf,sOQTb7JU
Zara,Skeen,zskeenmg@homestead.com,zskeenmg,0f8JdntdU
Borden,Prangley,bprangleymh@wikipedia.org,bprangleymh,4cMnd4wPhHE
Doralynn,Lidgett,dlidgettmi@biblegateway.com,dlidgettmi,UEbaCt8
Randa,Pirrey,rpirreymj@wunderground.com,rpirreymj,APa3L0ma
Reece,Irdale,rirdalemk@timesonline.co.uk,rirdalemk,EOVy0q85
Corie,Fellos,cfellosml@imageshack.us,cfellosml,R54vNIMOgueT
Terri-jo,Tretwell,ttretwellmm@whitehouse.gov,ttretwellmm,VN7MoH1FRv
Elfreda,Kix,ekixmn@addtoany.com,ekixmn,1L6Gi5
Marcel,Strass,mstrassmo@washington.edu,mstrassmo,xFtmdSwi
Oralee,Baume,obaumemp@naver.com,obaumemp,vU4noJGynr
Alvira,Enever,aenevermq@google.ru,aenevermq,rRFSGbHBuXp
Welby,Cornick,wcornickmr@latimes.com,wcornickmr,RrxbWZ
Sargent,Northover,snorthoverms@jimdo.com,snorthoverms,9IitEiAKYI
Arturo,Clipston,aclipstonmt@sun.com,aclipstonmt,YyHiYdklPzGp
Devin,Tedder,dteddermu@prweb.com,dteddermu,WsCwxyYa
Querida,Spybey,qspybeymv@ning.com,qspybeymv,UbDMwD8V
Oswald,Flaherty,oflahertymw@slideshare.net,oflahertymw,zhvdS9J5nob
Eyde,Coniam,econiammx@meetup.com,econiammx,OolK0iT5
Lenore,Danielsohn,ldanielsohnmy@comsenz.com,ldanielsohnmy,msymIjIBhXe2
Terza,Hearthfield,thearthfieldmz@cam.ac.uk,thearthfieldmz,0ywjVw
Renaud,Havenhand,rhavenhandn0@blogger.com,rhavenhandn0,jPteE1
Olia,Chasles,ochaslesn1@wordpress.com,ochaslesn1,SCZpA59cWQJ
Shara,Cosker,scoskern2@sogou.com,scoskern2,ZiPpz36
Cosette,Karolewski,ckarolewskin3@sitemeter.com,ckarolewskin3,soqQhrVZYuP
Gigi,Corner,gcornern4@thetimes.co.uk,gcornern4,dcI1g7
Barrett,Keepin,bkeepinn5@wikimedia.org,bkeepinn5,0lZMBrcf
Lane,Geydon,lgeydonn6@washingtonpost.com,lgeydonn6,n0rVQ5R9VJR
Jennica,Beavan,jbeavann7@tumblr.com,jbeavann7,BOD0mV
Tobye,Cowser,tcowsern8@bravesites.com,tcowsern8,JBgMVTx
Darline,Dishman,ddishmann9@tinypic.com,ddishmann9,GyXLVEaCHt
Eddy,Fabry,efabryna@noaa.gov,efabryna,ABmlLm
Freida,Macvain,fmacvainnb@google.co.uk,fmacvainnb,kZwZwPQz514
Mycah,Fipp,mfippnc@home.pl,mfippnc,OQ05CZqzGRb
Helli,Furmston,hfurmstonnd@salon.com,hfurmstonnd,CShsZpZn
Maurene,Cantrell,mcantrellne@cdc.gov,mcantrellne,0S5AxUxMU2Oh
Llewellyn,De Andisie,ldeandisienf@upenn.edu,ldeandisienf,745GMBR
Andrus,Wilbor,awilborng@unblog.fr,awilborng,FsyZenK33Wyy
Briana,MacCrann,bmaccrannnh@psu.edu,bmaccrannnh,P2qpTWSRYeWN
Rosaline,Corselles,rcorsellesni@cyberchimps.com,rcorsellesni,g6DaOuoi
Dominica,Marchent,dmarchentnj@yandex.ru,dmarchentnj,oUwlkWamYQ
Priscella,Doveston,pdovestonnk@amazon.com,pdovestonnk,qcGW1F
Lou,Rayer,lrayernl@slashdot.org,lrayernl,CMRhw4FoJu
Arvin,Kensett,akensettnm@naver.com,akensettnm,NqwEZopXN
Web,Gartshore,wgartshorenn@parallels.com,wgartshorenn,t8dcgfAJV
Lisabeth,Desaur,ldesaurno@va.gov,ldesaurno,9bel8I48FiQ
Anissa,Matura,amaturanp@unesco.org,amaturanp,xbIBu2F7
Felic,Ivie,fivienq@bbb.org,fivienq,64KEriP
Jaquenette,Gaynesford,jgaynesfordnr@nydailynews.com,jgaynesfordnr,0GenNDp97O
Gerrilee,Sibborn,gsibbornns@mozilla.org,gsibbornns,86bv65
Lelah,Shear,lshearnt@csmonitor.com,lshearnt,YZdOIn
Dulcia,Vedyasov,dvedyasovnu@globo.com,dvedyasovnu,xPHlvEz
Nessy,Laybourn,nlaybournnv@china.com.cn,nlaybournnv,VWPxa0Q
Ferrell,Harroway,fharrowaynw@usda.gov,fharrowaynw,7CKoNecBOH
Bond,Kenn,bkennnx@imgur.com,bkennnx,Cn0jFc
Alvie,Amos,aamosny@youku.com,aamosny,1ughfAeS
Edith,O'Bradane,eobradanenz@tripod.com,eobradanenz,6jYRFmPmKH
Timmi,Roussell,troussello0@naver.com,troussello0,VGZmUhanH
Ange,Verrell,averrello1@friendfeed.com,averrello1,TEeNvCl
Diane,Missen,dmisseno2@bbb.org,dmisseno2,t9MIA7Z
Faith,Horlick,fhorlicko3@quantcast.com,fhorlicko3,P9DZq8yq
Bearnard,Bendare,bbendareo4@oaic.gov.au,bbendareo4,FWt10nG
Cullan,Sheivels,csheivelso5@indiatimes.com,csheivelso5,F8qimBptVey
Cosmo,Hayball,chayballo6@sourceforge.net,chayballo6,CPQvQCjwJ
Garland,Blackett,gblacketto7@amazon.co.jp,gblacketto7,9v8mwzjcnBT
Tabatha,Cristofvao,tcristofvaoo8@shop-pro.jp,tcristofvaoo8,ng3gvbm3G4
Geraldine,McCracken,gmccrackeno9@vimeo.com,gmccrackeno9,efnVNjroK
Hattie,Nestor,hnestoroa@free.fr,hnestoroa,oH3pzyD
Tally,Rain,trainob@hostgator.com,trainob,c1PnmJtytk
Barnebas,Ridger,bridgeroc@census.gov,bridgeroc,Sz7MDbirxlsd
Oralie,Dowber,odowberod@elegantthemes.com,odowberod,aMtRV1M1nR
Carmina,Yuryichev,cyuryichevoe@dyndns.org,cyuryichevoe,CXtSlHVZBLtj
Sharon,Brunet,sbrunetof@4shared.com,sbrunetof,sCUy0zdi
Toby,Salway,tsalwayog@imageshack.us,tsalwayog,imZLUX6T
Cora,Topp,ctoppoh@imdb.com,ctoppoh,UuSu2kP
Trista,Parnham,tparnhamoi@plala.or.jp,tparnhamoi,0WNu2emwV2FL
Giselbert,Saby,gsabyoj@hp.com,gsabyoj,QxfZ0wRzYqAc
Aurora,Cadge,acadgeok@sfgate.com,acadgeok,Un7xOgC82
Ignacius,Wratten,iwrattenol@cloudflare.com,iwrattenol,jOAHz9AF
Marilyn,Pantecost,mpantecostom@deliciousdays.com,mpantecostom,u4G46nDfI6Wb
Derrik,Rowantree,drowantreeon@narod.ru,drowantreeon,MqrPww
Cairistiona,Wallas,cwallasoo@hibu.com,cwallasoo,rdSNp5LOFJR9
Gaultiero,Jowsey,gjowseyop@sciencedirect.com,gjowseyop,P98i8t
Cathee,Gaskin,cgaskinoq@theguardian.com,cgaskinoq,DGq2S2wGY6
Ignazio,O'Finan,iofinanor@samsung.com,iofinanor,I80KnvckzLg
Rutter,Aleksich,raleksichos@huffingtonpost.com,raleksichos,U1gPTR
Karly,Sreenan,ksreenanot@intel.com,ksreenanot,WF98OIFGfk
Tess,Lampard,tlampardou@studiopress.com,tlampardou,yrE0OOQx98Nd
Moses,Kensy,mkensyov@answers.com,mkensyov,jSwtGxonO1H
Meier,Ivanshintsev,mivanshintsevow@unicef.org,mivanshintsevow,lEXhSmTpx
Edyth,McClaurie,emcclaurieox@geocities.jp,emcclaurieox,PCtPWp
Egon,Purseglove,epursegloveoy@meetup.com,epursegloveoy,Bv5xxuh
Codi,Peckitt,cpeckittoz@google.com.au,cpeckittoz,823qcxi0
Rikki,Jacomb,rjacombp0@dot.gov,rjacombp0,7YoNavXAP
Audry,Crathorne,acrathornep1@cisco.com,acrathornep1,812KnS
Vera,von Nassau,vvonnassaup2@prlog.org,vvonnassaup2,1NkKvEBDAsaT
Rolando,Hallin,rhallinp3@bloglovin.com,rhallinp3,AiMwMv
Heidi,Konke,hkonkep4@clickbank.net,hkonkep4,3BhPvD0
Sutherlan,Cabell,scabellp5@intel.com,scabellp5,QPzeNu
Leigh,Yglesias,lyglesiasp6@ycombinator.com,lyglesiasp6,7Tq0hO
Jarrad,Bims,jbimsp7@about.me,jbimsp7,ma8tw9rqX
Emilee,Camus,ecamusp8@bigcartel.com,ecamusp8,M9kjcBoK
Benedicto,Wait,bwaitp9@tuttocitta.it,bwaitp9,mmQQEN9d
Saul,Soulsby,ssoulsbypa@bigcartel.com,ssoulsbypa,OaDCA0zRXL
Phillip,Embleton,pembletonpb@psu.edu,pembletonpb,AcrnnZgU
Grantham,Roizin,groizinpc@upenn.edu,groizinpc,Or4dYYAsmwz
Nikola,Greated,ngreatedpd@google.com,ngreatedpd,qRI4Fu
Micky,Gamble,mgamblepe@china.com.cn,mgamblepe,pLFkPqR
Moreen,Herculeson,mherculesonpf@wiley.com,mherculesonpf,1wJqVer
Gustav,Cooksley,gcooksleypg@craigslist.org,gcooksleypg,YiqkFU54
Laura,Blest,lblestph@squidoo.com,lblestph,8a5yUYltJ
Maxie,Mathers,mmatherspi@blinklist.com,mmatherspi,yXx9JcotiH3k
Hilliard,Berick,hberickpj@constantcontact.com,hberickpj,imzkS2ffY
Fanechka,Keary,fkearypk@ox.ac.uk,fkearypk,HWVHZ8tsk
Goraud,Phear,gphearpl@umich.edu,gphearpl,WGgybz
Clarence,Wealleans,cwealleanspm@businessinsider.com,cwealleanspm,o6S4UsEcyY8e
Miguelita,Blemen,mblemenpn@usda.gov,mblemenpn,eJTTVMp5lE
Torry,Orlton,torltonpo@wired.com,torltonpo,0I1zd6V
Annmaria,Fonte,afontepp@youku.com,afontepp,eTP7yy
Braden,Peto,bpetopq@surveymonkey.com,bpetopq,nJ3KoThSnt3
Leif,Roblin,lroblinpr@ucoz.ru,lroblinpr,fyReXji
Nelly,Newing,nnewingps@cmu.edu,nnewingps,5sTQF3
Kane,Prickett,kprickettpt@microsoft.com,kprickettpt,bm7GBvSPC
Delano,Hayhoe,dhayhoepu@nih.gov,dhayhoepu,rU0DOtB
Elianore,Heady,eheadypv@google.com.au,eheadypv,pCsmn3
Margarete,Kenen,mkenenpw@wisc.edu,mkenenpw,RczynUa
Sollie,Rippen,srippenpx@bravesites.com,srippenpx,K2ycXocc
Reine,Dmiterko,rdmiterkopy@imdb.com,rdmiterkopy,D2TgeH
Diarmid,Knewstubb,dknewstubbpz@house.gov,dknewstubbpz,vM8hW8lRfOfY
Raimund,Roon,rroonq0@phoca.cz,rroonq0,LYKuZXJ1dzoI
Peri,Pash,ppashq1@soundcloud.com,ppashq1,a4CqJph4tl
Brewer,Gehringer,bgehringerq2@wikia.com,bgehringerq2,TaD68ilA
Georgie,Guitt,gguittq3@nydailynews.com,gguittq3,BaYsq7TEN4
Angelina,Laidler,alaidlerq4@soundcloud.com,alaidlerq4,SIroIVXD
Kerri,Raisbeck,kraisbeckq5@deliciousdays.com,kraisbeckq5,ddpzB5rO
Gusella,Marston,gmarstonq6@walmart.com,gmarstonq6,Wb09GO
Florence,Gobat,fgobatq7@istockphoto.com,fgobatq7,XSzEsF5x3Nli
Gib,Burnsides,gburnsidesq8@twitpic.com,gburnsidesq8,vYjjyhyD
Mohandis,Bushill,mbushillq9@issuu.com,mbushillq9,w77WtwV
Josi,Bridden,jbriddenqa@cpanel.net,jbriddenqa,Xvi5HQczwyvf
Wilmar,Hebden,whebdenqb@list-manage.com,whebdenqb,FMnHEGR84xOP
Morris,de Juares,mdejuaresqc@reference.com,mdejuaresqc,msfoRL
Heddi,Tittletross,htittletrossqd@youku.com,htittletrossqd,I4AZLr
Silvester,Issakov,sissakovqe@1688.com,sissakovqe,C5aDRoDj
Shelby,Brand,sbrandqf@godaddy.com,sbrandqf,kzdKKVkDww
Gradey,Oddboy,goddboyqg@blogger.com,goddboyqg,dsC4jJNJ3IJ
Perry,McNeillie,pmcneillieqh@reference.com,pmcneillieqh,q29nXM
Lurette,Kleinzweig,lkleinzweigqi@toplist.cz,lkleinzweigqi,9OljTs
Farley,Chapelhow,fchapelhowqj@google.fr,fchapelhowqj,hsqSMk27Nr
Dore,Golby,dgolbyqk@ovh.net,dgolbyqk,BuzAHi
Derry,Stainsby,dstainsbyql@samsung.com,dstainsbyql,LTA6axlZ8O0
Dinny,Neller,dnellerqm@bandcamp.com,dnellerqm,JPvLs12
Antin,Hurley,ahurleyqn@usda.gov,ahurleyqn,gHjjWQN
Armand,Legier,alegierqo@fotki.com,alegierqo,D7DQupn
Dionis,Lippiett,dlippiettqp@chicagotribune.com,dlippiettqp,b9Sz4LgY
Nelie,Pardey,npardeyqq@clickbank.net,npardeyqq,dgk6VcBV
Lauri,Coupar,lcouparqr@phoca.cz,lcouparqr,73z0dW
Myrtle,Hlavecek,mhlavecekqs@histats.com,mhlavecekqs,ZD3BMOlAcYc
Georgie,Weaben,gweabenqt@mlb.com,gweabenqt,jMtalzk
Tiphany,Mineghelli,tmineghelliqu@tiny.cc,tmineghelliqu,W0LDrBtq
Randall,Santus,rsantusqv@seesaa.net,rsantusqv,nBTLVF
Gwenny,Alibone,galiboneqw@cisco.com,galiboneqw,pl8K8ZAKDzq
Goddart,Kent,gkentqx@howstuffworks.com,gkentqx,7rFbrn
Upton,Zincke,uzinckeqy@opensource.org,uzinckeqy,ZNBhhwyfg
Tally,Cottham,tcotthamqz@timesonline.co.uk,tcotthamqz,00EmES
Floyd,McDowall,fmcdowallr0@nasa.gov,fmcdowallr0,NSe3hA14eNV
Wynny,Keefe,wkeefer1@accuweather.com,wkeefer1,Jt1TenbfMy
Minnie,Yukhnev,myukhnevr2@cam.ac.uk,myukhnevr2,aEP77Oot
Barnabe,Bolino,bbolinor3@biblegateway.com,bbolinor3,s8N0mib0ma
Davidson,Ciccetti,dciccettir4@163.com,dciccettir4,ul4ygSflZ
Ted,Sultana,tsultanar5@delicious.com,tsultanar5,CYTy3xMigWO
Kristoffer,Vobes,kvobesr6@cbslocal.com,kvobesr6,8tlfJ4eOcJ0
Juieta,Sheaber,jsheaberr7@4shared.com,jsheaberr7,eARMkl22
Alberik,Shortland,ashortlandr8@seattletimes.com,ashortlandr8,YRQFqoWe
Moria,Schouthede,mschoutheder9@psu.edu,mschoutheder9,5ZNbaeFahY
Wynne,Charge,wchargera@t.co,wchargera,YppZ5vRdbO9t
Rene,Kaine,rkainerb@cargocollective.com,rkainerb,2NN8isMjb1EZ
Wylie,Huffadine,whuffadinerc@alexa.com,whuffadinerc,Y0BBqcs
Alice,Horrell,ahorrellrd@msn.com,ahorrellrd,hbtzOiMjQ
Marcelo,Rogister,mrogisterre@samsung.com,mrogisterre,luZuoZCsh5
Dee dee,Ickovici,dickovicirf@timesonline.co.uk,dickovicirf,0OE371gR
Brandon,Dammarell,bdammarellrg@netlog.com,bdammarellrg,AmK6bx3V8
Clement,Presnall,cpresnallrh@hud.gov,cpresnallrh,S2SCPa
Dennie,Agge,daggeri@wikipedia.org,daggeri,olmC5Cva3Z
Pepillo,Southers,psouthersrj@about.com,psouthersrj,kWyJzV
Bobette,Aimeric,baimericrk@bloglines.com,baimericrk,q86Qp1fxlkm
Arlin,Newlin,anewlinrl@ihg.com,anewlinrl,F7W2Xled
Ingaborg,Shillaker,ishillakerrm@imdb.com,ishillakerrm,zkHDhLfTYU6
Sauveur,Smoote,ssmootern@comsenz.com,ssmootern,evVP6l
Orel,Halksworth,ohalksworthro@independent.co.uk,ohalksworthro,69q9MlUq
Torre,Glendza,tglendzarp@go.com,tglendzarp,UkXtex
Ferdinand,Yaakov,fyaakovrq@amazon.co.jp,fyaakovrq,AJk5ZoS
Cristobal,Pietersen,cpietersenrr@alibaba.com,cpietersenrr,OujCWiGY9
